{
   "frypan_hit": {
     "category": "neutral",
     "sounds": [
       "frypan_hit"
     ]
   },
   "little_saw": {
     "category": "neutral",
     "sounds": [
       "little_saw"
     ]
   },
   "launcher_clank": {
     "category": "neutral",
     "sounds": [
       "launcher_clank"
     ]
   },
   "woodHit": {
     "category": "block",
     "sounds": [
       "woodHit1",
	   "woodHit2",
	   "woodHit3",
	   "woodHit4",
	   "woodHit5"
     ]
   },
   "stoneHit": {
     "category": "block",
     "sounds": [
       "stoneHit1",
	   "stoneHit2",
	   "stoneHit3"
     ]
   },
   "crossbowReload": {
	"category": "neutral",
	"sounds": [
		"crossbowReload"
	]
   }
}