<?xml version="1.0"?>

<book>
<page type="text">
<text>Diario dell'armeggiatore #1:

Oggi è un nuovo giorno. Ho finalmente lasciato la mia casa e ho deciso di vagare nel territorio selvaggio fino a quando non avrò trovato un bel posticino da chiamare casa.

Diario dell'armeggiatore #2:

Ho deciso di scrivere un diario in cui tenere un resoconto delle mie creazioni e macchinazioni, oltre a delle riflessioni su quello che sto facendo. Non ho ancora costruito niente. C'è una piccola caverna che posso chiudere con delle assi prima che cali la notte. Ho creato un piccone di pietra chiamato affettuosamente "Betsy".</text>
</page>

<page type="text">
<text>Diario dell'armeggiatore #3:

La notte è spaventosa. I creeper sono dappertutto, gli zombi stanno picchiando sulla mia porta, i pipistrelli coprono il cielo ... non è divertente essere soli qua fuori. Voglio nascondermi in un angolo e piangere fino quando mi lasciano in pace. Questa asse non mi aiuta a distrarmi.

Diario dell'armeggiatore #4:

Betsy non è durato a lungo. Si è sbriciolato in polvere e il manico si è rotto all'improvviso. I miei parenti mi avevano raccontato che sarebbe successo e che questo era normale, ma sembra così ingiusto. Se riuscissi a fare un piccone leggermente migliore, forse lo potrei aggiustare.</text>
</page>

<page type="text">
<text>Diario dell'armeggiatore #5:

Ho passato gli ultimi tre giorni a cercare carta e inchiostro. I calamari erano facili da trovare , ma la canna da zucchero si trovava sepolta in un burrone vicino a un nido di creeper. Eventualmente ho lanciato delle pietre sui creeper e li ho visti esplodere dalla sorpresa. Le mie sopracciglie risceranno.

Diario dell'armeggiatore #6:

Aspetto che la canna da zucchero cresca. Non ho fatto altro oggi.</text>
</page>

<page type="text">
<text>Diario dell'armeggiatore #7:

Ho fatto degli schizzi per un nuovo banco da lavoro. È un po' strano. Manca il centro del banco, però è resistente e ci sono dei buchi in cui mettere le risorse. Credo che lo chiamerò "tavolo".

Diario dell'armeggiatore #8:

Ho fatto dei altri tavoli con forme diverse. Sembrano essere utili per fare diverse cose, quindi ho messo materiali e attrezzi diversi in ognuno di questi. Forse troverò un uso per questi nel futuro.</text>
</page>

<page type="text">
<text>Diario dell'armeggiatore #9:

Per creare attrezzi, devi sapere quello che stai facendo. Il piccone e la pala sono abbastanza facili da fare con un po' di pratica, così mi hanno raccontato i migliori fabbri del villaggio, ma non riesco a fare dei attrezzi decenti. Dalla frustrazione ho tirato un pugno in un'asse di legno. E un altro. E ancora. Alla fine avevo qualcosa che sembrava un'ascia, e ciò mi ha dato delle idee...</text>
</page>

<page type="text">
<text>Diario dell'armeggiatore #10:

Ho tirato dei pugni con attenzione in alcune assi creando dei buchi di varie forme. Ho speso molto tempo nel farli, quindi sono fatti molto bene. Raffigurano le parti di attrezzi che mi ricordo: teste, manici, legature, pezzi e altri. Sembrano molto utili, quindi li ho messi vicino ai tavoli per dopo.</text>
</page>

<page type="text">
<text>Diario dell'armeggiatore #11:

Ho preso alcune assi e ho iniziato a costruire parti di attrezzi usandole come modelli. Le parti in se sono resistenti, e quando le ho messe insieme il risultato sembrava migliore di Betsy. Sono fatte completamente di pietra, una cosa che nemmeno i migliori fabbricatori potrebbe fare. Sembra un grande successo.

Diario dell'armeggiatore #12:

Forse fare un attrezzo completamente di pietra non era l'idea migliore. Non è durato molto. Però, invece di frantumarsi in polvere questa volta si è rottamsoltanto la punta. Ho incollato una nuova punta e sembrava come se fosse nuovo.</text>
</page>

<page type="text">
<text>Diario dell'armeggiatore #13:

Volevo fare degli altri attrezzi, ma le assi con le forme delle parti andavano dappertutto! Allafine ne ho rotto un paio per la frustrazione. Inoltre non sembrano stare bene nel mio baule. Ne ho preso alcuni, ho aggiunto un po' di posto nel baule, l'ho messo vicino al tavolo ed ero contento.

Inoltre ho chiamato le assi "Modelli", il baule "Baule per modelli". Sono ancora arrabbiato con qusti, e ci ho messo molto tempo a crearne dei nuovi...</text>
</page>

<page type="text">
<text>Diario dell'armeggiatore #14

Oggi ho imparato quanto è duro lavorare il ferro. Prima devi estrarlo dalla terra. Un piccone di legno distruggerà il minerale come ho scoperto da solo. Quando sei riuscito ad ottenere il minerale non c'è altro da fare che metterlo nella fornace. Fondere il minerale e la pietra sembra inefficiente, ma mi importa di più del minerale che di quello che perdo.

Ho creato dei attrezzo con dei lingotti, sembrano molto forti. Infatti, molto più forti di quelli del villaggio. Ho chiamato il piccone "Krug" da alcune storie che mi raccontava Nana durante la notte. Quanto mi manca...</text>
</page>

<page type="text">
<text>Diario dell'armeggiatore #15:

Questo posto ormai mi sta stretto. Ho preparato le mie cose, preso le risorse che riuscivo a portarmi dietro e sono partito. I tavoli e i modelli sono rimasti indietro. Non riesco a portarmeli dietro per tutto il cibo che ho.

Diario dell'armeggiatore #16:

Dopo un paio di settimane ho trovato delle altre persone. Alcuni sembrano gentili, molti non mi assomigliano. Alcuni hanno dei oggetti che non ho mai visto. Mi hanno indicato un pezzo di terra calmo e chiuso. Li dovrei riuscire a lavorare sulle delle idee che ho avuto durante il viaggio.</text>
</page>

<page type="text">
<text>Diario dell'armeggiatore #17:

Dopo tre giorni e tre notti a combattere zombi, sono finalmente riuscito a costruire una casa. Ha un paio di stanze, un sotterraneo, ma soprattutto un laboratorio, tutti i tavoli e modelli che avevo prima sono qui, oltre a delle nuove che volevo provare. 

C'è uno rotondo su cui posso cuocere il cibo e uno che funziona come una zappa che taglia alberi e scavare nel terreno. I villici dicono che sono chiamati "Padella" e "Zappa". La padella sembra abbastanza pesante per essere usata contro i creeper. Ho una spada chiamata "Shimmer" che voglio in qualche modo modificare.</text>
</page>

<page type="text">
<text>Diario dell'armeggiatore #18:

Uno dei villici è stato abbastanza gentile da darmi degli oggetti. Ogni oggetto sembra utile in qualche modo. Prima sono stato abbastanza fortunato da trovare dei diamanti, e ho parecchi attrezzi. Questo dovrebbe essere divertente.</text>
</page>

<page type="text">
<text>Diario dell'armeggiatore #19:

Dopo parecchi esperimenti, ho ottenuto dei oggetti che sembrano fantastici e altri meno utili di quello che sembrano. Un diamante sulla punta di un piccone lo rende estremamente dura, e un smeraldo sull'elsa di una spada sembra farlo diventare più durevole, ma alcune cose sono completamente inutili. 

L'aggiunta di fiori non fa niente; non stanno neanche attaccati all'attrezzo. I funghi hanno un effetto simile, e l'aggiunta di altro materiale rende l'attrezzo soltanto più pesante. Non penseresti che la pietrarossa abbia qualche effetto. Ho coperto una pala così tanto di polvere che si è colorato di un rosso profondo. Però passa attraverso la terra come un coltello caldo nel burro.</text>
</page>

<page type="text">
<text>Anche il muschio è strano. Sembra che curi in qualche modo l'attrezzo, al punto che sembra come nuovo.

Diario dell'armeggiatore #20:

Ho cercato di fare degli attrezzi in oro, come facevano i fabbri nel mio villaggio, però hanno rotto il tavolo. Alcuni villici mi hanno deriso... se solo sapessero .</text>
</page>

<page type="text">
<text>Diario dell'armeggiatore #21:

Alcuni di questi attrezzi sono più utili di quello che pensavo. L'aggiunta di polvere di Vampo sembra dare all'arma un specie di effetto scottante. Il lapislazzuli ha la strana abilità di trovare più materiali dove scava, anche se so benissimo quanto ci dovrebbe essere.

Diario dell'armeggiatore #22:

Ho delle idee per creare degfli attrezzi, ma mi serve molto spazio per farlo. La fornace è inadeguata, e mi serve parecchia pietra. Combinando lava con carbone e inferrena sembra cuocere la pietra all'istante quando la scavo, al punto che posso fare a meno della fornace.</text>
</page>

<page type="text">
<text>Diario dell'armeggiatore #23:

Oggi ho fatto una cosa strana. È rotonda, di legno e non assomiglia a niente che abbia mai visto. Qualcuno mi ha detto che si chiama "ruota" e che è divertente farlo rotolare. Chissà per che cosa altro si può usare...

Diario dell'armeggiatore #24:

Ho appena fatto delle altre ruote per esercitarmi. Era divertente farle rotolare, soprattutto a coppie, e poi una è finita vicino alla mia barca. Sembrava così naturale che alla fine li ho messi insieme.</text>
</page>

<page type="text">
<text>Diario dell'armeggiatore #25:

Credo di aver scoperto qualcosa. Combinando la barca alle ruote ha creato un mezzo simile al carrello da miniera, solo che lo posso spingere dove voglio. Sembra però un po' piccolo.

Diario dell'armeggiatore #26:

Ho tutti questi attrezzi con delle piccole note con sopra scritto a cosa servono. Invece di lasciarli in giro, credo che creerò un posto per immagazzinarli.</text>
</page>

<page type="text">
<text>Diario dell'armeggiatore #27:

Oggi sono andato ad esplorare e ho trovato dei nuovi minerali. Avevano colori che non avevo mai visto prima e non si frantumano all'impatto come il ferro. Chissà a cosa servono.

Diario dell'armeggiatore #28:

La fornace normale è buono per tenere caldo, ma lascia a desiderare quando fonde i minerali. Ho scavato una fossa e ho coperto i lati con dell'argilla, ho preso della lava e ho messo il minerale grezzo nel centro cercando di migliorare il design. Il risultato è alquanto interessante.</text>
</page>

<page type="text">
<text>Più lava metto nella fossa e più diventa caldo il materiale. Alla fine si è liquefatto tutto. Ho cercato di raccogliere il materiale in un calderone facendo un buco nella fossa, ma il materiale è andato dappertutto. Qualcosa è anche rimasta nella fossa.

Il minerale grezzo ha ancora delle parti di pietra. Ci deve essere un modo per rimuovere l'eccesso.</text>
</page>
</book>
