<?xml version="1.0"?>

<book>
<page type="text">
<text>日记 #1:

新的一天，我最终离开了家决心在野外转转直到我找到了个好地方才回去。

日记 #2:

我决定记下我的创作和计划，以及一些对我所做的事的感慨。我还什么都没建，晚上只能暂住在一个小洞穴，我做了一把石镐亲切地称她“贝奇”。</text>
</page>

<page type="text">
<text>日记 #3:

夜晚是恐怖的。到处都有爬行者，僵尸在敲打着我的门，蝙蝠群遮蔽了天空。独自在外并不有趣，我想躲在角落哭泣着直到他们离开，这个日记无法让我忘记一切。

日记 #4:

贝奇没能坚持多久，她突然碎裂了，手柄断了。我的搭档告诉我会这样也是正常的，但还是那么糟糕。如果我能把镐子做得更好点，或许我就能修好她了。</text>
</page>

<page type="text">
<text>日记 #5:

在过去的三天里我一直在找纸与墨水。墨鱼很容易找，但甘蔗生长在一个靠近爬行者巢穴的深峡谷里。最终我用石头砸向爬行者看他们受到惊吓而爆炸，甘蔗还需要些时间生长。

日记 #6:

等待着甘蔗的生长，比昨天多不了多少。</text>
</page>

<page type="text">
<text>日记 #7:

我正准备做一个新的工作台。它有点奇怪。它的中心是空的，坚固，并且顶部有凹槽。我觉的可以叫它“桌子”。

日记 #8:

我又做了一些桌子摆放了不同的模具。看起来能用在不同的东西上，于是我将不同的材料和工具组合，也许我以后能想到什么用法。</text>
</page>

<page type="text">
<text>日记 #9:

制作工具，你需要知道你在做什么工具。镐和铲很容易做出来用，村子里最好的工匠告诉我，但我很难做出一个好的。 无奈的我在木板上打出了一个洞。就在这时，我想到了一把斧子，这给了我一点灵感...</text>
</page>

<page type="text">
<text>日记 #10:

我在一些板子上打出不同形状的洞。用了许多时间制作，它们看起来真的不错，它们就像我所知道的工具的部分：工具头，手柄，绑定结，片和其它的。它们看起来很有用，所以我把它们放在了一个桌子上以便日后使用。</text>
</page>

<page type="text">
<text>日记 #11:

我取出一些模具开始用它们作为轮廓制作工具部件。部件很坚固，当我把它们组装起来后比贝奇要好很多。 完全由石头做成，哪怕是最好的工匠也无法做到的，这是个成功。

日记 #12:

完全用石头制作工具或许并不是好主意。它并不是那么耐磨。正面来看，只有部分损坏而不是整体损坏。 换上了新工具头就和新的一样了。</text>
</page>

<page type="text">
<text>日记 #13:

我还想做些工具，但模具到处都是！无奈我只好破坏了一些。箱子里也放不下了，我取出了一些，在箱子底加了一些槽，放在我的桌子边。

我也称他们“模具”，箱子叫“模具箱”。我还有些懊恼，看似还要很久才能做个新的...</text>
</page>

<page type="text">
<text>日记 #14

今天我终于知道处理铁是多么困难。首先你需要把它挖出来，木质的镐会破坏矿石；我发现了这一点。一旦你获得了矿物除了丢进熔炉别无它用， 将铁和石头熔化毫无效率，但比起废料我更需要金属。

我将少量做成了工具，它们看起来坚硬，比村子里的还要好。我根据Nana曾经在晚上讲过的故事给镐取名“克鲁格”。我多么想念她...</text>
</page>

<page type="text">
<text>日记 #15:

我对此地没有什么留念了，收拾好东西，带上能带走的出发，桌子和模具不得不得留下来了，我不能因为它们而不带食物。

日记 #16:

一星期后我终于找到了其他要拜访的，有些人看起来很好，大部分与我不同。少数人有我从未想过的东西。他们给我指了一个隐蔽的地方，一个我能工作的，利用旅途中的灵感的地方。</text>
</page>

<page type="text">
<text>日记 #17:

抵御僵尸的三天三夜后，我最终做出了房子。它有几个房间，一个地下室，最重要的是有个工作间。之前我所有的所有的桌子和模具都有了，还有一些旅途中准备尝试的。

有一个圆形的能用来烹饪食物的还有一个能锄地砍树挖土的。村民告诉我它们叫“煎锅”和“鹤嘴锄”。煎锅看似足够重来击打爬行者。我有一把准备改造的名为“闪光”的剑。</text>
</page>

<page type="text">
<text>日记 #18:

一个村民时常会给我些东西，每个都看似有所用。我很幸运早早找到了钻石，还有一些工具储备，那将会很有趣。</text>
</page>

<page type="text">
<text>日记 #19:

在一些实验后，我发现了有的材料的惊人用途，也有一些不想看上去那么有用。钻石嵌在镐子上使它成为了绝佳的采掘工具，绿宝石能让工具用更久，也有一些毫无用处。

在工具上加上花毫无用处；它们甚至无法依附。蘑菇有类似的作用，增加材料使得工具更重。你觉得红石也有什么用。你用红石涂满了铲子使它变为深红色，铲起泥土就好像灰尘般轻松。</text>
</page>

<page type="text">
<text>苔藓也是个奇怪的东西。它能“治疗”工具，甚至让它看起来像新的一样。

日记 #20:

我试着用金子做些工具，就像村子里的工匠曾做过的那样，但我却弄坏了桌子，一些村民嘲笑我居然那么做... 因为他们不知道。</text>
</page>

<page type="text">
<text>日记 #21:

有些工具比我想象中有用。给武器加上烈焰粉给予它燃烧的效果。青金石有能在同一区域找到更多材料的奇怪能力，即使我知道那里有多少。
日记 #22:

我有了一些做工具的点子，需要一块大的地方来试验。熔炉的能力有限，我需要许多石头。将岩浆煤炭和地狱岩结合似乎能立刻处理石头，已经不需要熔炉了。</text>
</page>

<page type="text">
<text>日记 #23:

今天我做了个奇怪的东西。它是圆的木头的而且不像我所见过的任何东西。来的人说这是“轮子”，能轻松转动起来，我很好奇他还能做什么？

日记 #24:

我多做了些轮子以实验。让它们到处转动着跑，成对的转动， 有一个停在了我的船边。我觉得真该将它们放在一起。</text>
</page>

<page type="text">
<text>日记 #25:

我觉得我在做些什么，将船和轮子结合使它看起来像辆矿车，只有我能驾驭它，虽然有点小。。

日记 #26:

我的工具散的到处都是每个都标记了用途。为了不分散我决定做个地方来存放它们</text>
</page>
<page>
<text>日记 #27:

我今天去探索发现了些新的矿物。他们有我未见过的颜色，而且不能像铁那样粉碎处理。我该怎么做？

日记 #28:

普通熔炉取暖很容易，但它产出的金属还需要加工。我挖了个坑铺上粘土，在附近弄了些岩浆，然后把矿物放在里面，在设计上做些改动，结果很有趣。</text>
</page>
<page>
<text>我加的岩浆越多材料就越热。最终全都熔化， 我破坏了槽的一部分尝试得到材料，但它跑的到处都是。还有一些残留着。

原矿中仍有部分是石头，一定有方法去除它们</text>
</page>
</book>
