<?xml version="1.0"?>

<book>
<page type="intro">
<text>匠魂宝典
在第一天幸存下来

第1卷
By Skyla</text>
</page>

<page type="contents">
<text>目录</text>
<link>
 <text>起步</text>
 <icon>sapling</icon>
 <jump>3</jump>
</link>
<link>
 <text>合成</text>
 <icon>workbench</icon>
 <jump>5</jump>
</link>
<link>
 <text>护甲强化</text>
 <icon>travelvest</icon>
 <jump>4</jump>
</link>
</page>

<page type="text">
<text>欢迎来到匠魂宝典I：在第一天生存下来。在这几页中你将找到制作你生存所需的工具与材料的第一步。

这本书是一个神奇的复本；它更新时原版就已经改变了。 偶尔打开看看一些新东西的信息.</text>
</page>

<page type="text">
<text>制作工具的第一步就是合成一个空白模具。它是一个用来放模型的空板，给以后的创作提供了一个参考。模具在模具加工台加工或用于桌面。

你之后可以用模具在零件加工台加工一种材料，然后在工具组装台把部件组合起来。模具能储存在模具箱中使用。

将这些组合在一起就有了工具制作间。建议使用它们时让它们都在附近。</text>
</page>

<page type="crafting">
<text>空白模具</text>
<recipe>
 <name>blankpattern</name>
 <size>two</size>
</recipe>
</page>

<page type="crafting">
<text>模具桌</text>
<recipe>
 <name>stenciltable</name>
 <size>two</size>
</recipe>
</page>

<page type="crafting">
<text>零件加工台</text>
<recipe>
 <name>partcrafter</name>
 <size>two</size>
</recipe>
</page>

<page type="crafting">
<text>模具箱</text>
<recipe>
 <name>patternchest</name>
 <size>two</size>
</recipe>
</page>

<page type="crafting">
<text>工具组装台</text>
<recipe>
 <name>toolstation</name>
 <size>two</size>
</recipe>
</page>

<page type="crafting">
<text>工具装配站</text>
<recipe>
 <name>toolforge</name>
 <size>three</size>
</recipe>
</page>

<page type="crafting">
<text>晾干架</text>
<recipe>
 <name>dryingrack</name>
 <size>three</size>
</recipe>
</page>

<page type="text">
<text>矿莓丛

在旅途中有时你会遇到名为矿莓丛的东西。它们生长在阴暗的区域，并且需要极暗的亮度来产生产物。 

矿莓能冶炼为粒和锭，使它们成为一个宝贵的金属来源。</text>
</page>

<page type="picture">
<text>自然环境中的矿莓</text>
<location>tinker:manuals/oreberries.png</location>
</page>

<page type="text">
<text>史莱姆通道

史莱姆通道运输物品和实体很有用。使用时它们是一种能轻易放置的水并且与弹跳板配合时能起到好效果。</text>
</page>

<page type="crafting">
<text>史莱姆通道</text>
<recipe>
 <name>slimechannel</name>
 <size>two</size>
</recipe>
</page>

<page type="crafting">
<text>弹跳板</text>
<recipe>
 <name>bouncepad</name>
 <size>two</size>
</recipe>
</page>

<page type="text">
<text>一点陷阱和障碍物或许能帮助你早期的生存</text>
</page>

<page type="crafting">
<text>铁蒺藜</text>
<recipe>
 <name>punji</name>
 <size>three</size>
</recipe>
</page>

<page type="crafting">
<text>橡树篱笆</text>
<recipe>
 <name>barricade</name>
 <size>two</size>
</recipe>
</page>

<page type="text">
<text>安定下来后，能开始更高效地处理金属。冶炼厂不在本书范围内，但一点合成将会帮助你起步。

注：处理所有的金属包括铁都需要冶炼厂。</text>
</page>

<page type="crafting">
<text>水泥</text>
<recipe>
 <name>grout</name>
 <size>two</size>
</recipe>
</page>

<page type="furnace">
<text>焦黑砖</text>
<recipe>searedbrick</recipe>
</page>

<page type="crafting">
<text>冶炼炉砖</text>
<recipe>
 <name>searedbricks</name>
 <size>two</size>
</recipe>
</page>

<page type="crafting">
<text>冶炼厂填料仓</text>
<recipe>
 <name>smelterycontroller</name>
 <size>three</size>
</recipe>
</page>

<page type="text">
<text>如果你发现自己丢了这本书，很容易做一本新的。其他书也能用这本书做成。</text>
</page>

<page type="crafting">
<text>书</text>
<recipe>
 <name>alternatebook</name>
 <size>three</size>
</recipe>
</page>

<page type="crafting">
<text>匠魂宝典I</text>
<recipe>
 <name>patternbook1</name>
 <size>two</size>
</recipe>
</page>

<page type="crafting">
<text>匠魂宝典II</text>
<recipe>
 <name>patternbook2</name>
 <size>two</size>
</recipe>
</page>

<page type="crafting">
<text>冶炼秘术</text>
<recipe>
 <name>patternbook3</name>
 <size>two</size>
</recipe>
</page>

<page type="text">
<text>护甲强化

后面的护甲强化部分似乎不太稳定.信息的准确性无法保证.</text>
</page>

<page type="sectionpage">
<title>夜视</title>
<text>胡萝卜和果汁对你的双眼有益,但对你的护目镜而言也是如此.
夜视药水也能有所帮助.

效果:
- 夜视

类型: 一次性
可叠加: 否</text>
</page>

<page type="modifier">
<tooltype>travelgoggles</tooltype>
<recipe>nightvision</recipe>
</page>

<page type="sectionpage">
<title>躲避</title>
<text>忍者 忍者.

效果:
- 你变得难以被击中

类型: 一次性
可叠加: 是</text>
</page>

<page type="modifier">
<tooltype>travelvest</tooltype>
<recipe>dodge</recipe>
</page>

<page type="sectionpage">
<title>隐匿</title>
<text>旅行套装保护性能不太出色.因此我用了一些魔法物品和隐形药水,让我自己更加隐蔽!

效果:
- 潜行时隐形

效果: 一次性
可叠加: 否</text>
</page>

<page type="modifier">
<tooltype>travelvest</tooltype>
<recipe>stealth</recipe>
</page>

<page type="sectionpage">
<title>羽落</title>
<text>你已经获得了翅膀.如果小鸡能做到,那么你也可以.
史莱姆块种类不限.

效果:
- 使你能在空中缓慢滑翔

类型: 一次性
可叠加: 是</text>
</page>

<page type="crafting">
<text>工匠工作台</text>
<recipe>
 <name>featherfall</name>
 <size>three</size>
</recipe>
</page>

<page type="sectionpage">
<title>水行</title>
<text>如果给我的靴子加上这些东西,我确信我就能在水上行走了.没错吧?

效果:
- 使你能在水上行走
- 潜行下沉
- 没有光环

类型: 一次性
可叠加: 否</text>
</page>

<page type="modifier">
<tooltype>travelboots</tooltype>
<recipe>waterwalk</recipe>
</page>

<page type="sectionpage">
<title>铅靴</title>
<text>这个铁家伙陪伴我很久了.我要带上它们,直到大洋底.
观赏鱼类的绝佳选择.

效果:
- 使你能在水下行走
- 让你无法游泳
- 减慢移动速度.

类型: 一次性
可叠加: 否</text>
</page>

<page type="modifier">
<tooltype>travelboots</tooltype>
<recipe>leadboots</recipe>
</page>

<page type="sectionpage">
<title>弹性</title>
<text>当我跳到史莱姆垫上时,我会被弹起而且不会受到伤害.倘若我把这个装在我的鞋底,那也能起到缓冲作用了.

效果:
- 减小摔落冲击
- 降低摔落伤害

类型: 一次性
可叠加: 是</text>
</page>

<page type="modifier">
<tooltype>travelboots</tooltype>
<recipe>slimysoles</recipe>
</page>

<page type="sectionpage">
<title>极速</title>
<text>给我的武器抹上红石能让它更快.为什么我在我的手上试试呢!

效果:
- 加快挖掘速度

类型: 多次性
可叠加: 是</text>
</page>

<page type="modifier">
<tooltype>travelglove</tooltype>
<recipe>glovehaste</recipe>
</page>

<page type="sectionpage">
<title>修复</title>
<text>给护甲附上苔藓就能赋予它生命.这样一来它们就能自我修复.

效果:
- 工具缓慢自我修复
- 阳光加快该过程
- 能附在任何旅行套装上

类型: 一次性
可叠加: 是</text>
</page>

<page type="modifier">
<tooltype>travelmulti</tooltype>
<recipe>moss</recipe>
</page>

<page type="sectionpage">
<title>二段跳</title>
<text>注入恶魂之泪,史莱姆和活塞机械的力量,应该就能让我自己跳得更高.

效果:
- 在跳跃时继续跳跃
- 也能附给翅膀

类型: 一次性
可叠加: 是</text>
</page>

<page type="modifier">
<tooltype>travelmulti</tooltype>
<recipe>doublejump</recipe>
</page>

</book>
