<?xml version="1.0"?>

<book>
<page type="intro">
<text>Materials and You
Surviving the first day and beyond

Volume 1
By Skyla</text>
</page>

<page type="contents">
<text>Table of Contents</text>
<link>
 <text>Getting Started</text>
 <icon>sapling</icon>
 <jump>3</jump>
</link>
<link>
 <text>Recipes</text>
 <icon>workbench</icon>
 <jump>5</jump>
</link>
<link>
 <text>Armor Modifiers</text>
 <icon>travelvest</icon>
 <jump>4</jump>
</link>
</page>

<page type="text">
<text>Welcome to the first edition of Materials and You: Surviving the first day and beyond. Within these pages you will find the first steps to making the tools and materials you need to survive.

This book is a magic copy; it updates whenever the original has been modified. Check back occasionally for information on new things.</text>
</page>

<page type="text">
<text>The first step in making tools is crafting a blank pattern. It is a blank slate to stamp a shape into, providing a reference for future creations. The patterns are shaped on the Stencil Table or are used as tabletops.

You can then shape a material in a part builder with the pattern, then combine parts in the tool station. Patterns can be stored and accessed in the pattern chest.

Together these make the Tool Workshop. It is recommended you keep all of these nearby when using any of them.</text>
</page>

<page type="crafting">
<text>Blank Pattern</text>
<recipe>
 <name>blankpattern</name>
 <size>two</size>
</recipe>
</page>

<page type="crafting">
<text>Stencil Table</text>
<recipe>
 <name>stenciltable</name>
 <size>two</size>
</recipe>
</page>

<page type="crafting">
<text>Part Crafter</text>
<recipe>
 <name>partcrafter</name>
 <size>two</size>
</recipe>
</page>

<page type="crafting">
<text>Pattern Chest</text>
<recipe>
 <name>patternchest</name>
 <size>two</size>
</recipe>
</page>

<page type="crafting">
<text>Tool Station</text>
<recipe>
 <name>toolstation</name>
 <size>two</size>
</recipe>
</page>

<page type="crafting">
<text>Tool Forge</text>
<recipe>
 <name>toolforge</name>
 <size>three</size>
</recipe>
</page>

<page type="crafting">
<text>Drying Rack</text>
<recipe>
 <name>dryingrack</name>
 <size>three</size>
</recipe>
</page>

<page type="text">
<text>Oreberry Bushes

Sometime in your travels you will happen upon the bush known as the Oreberry. They grow underground in dark areas, and require close to complete darkness to produce anything. 

The berries can be melted down into nuggets and ingots, making them an invaluable source of metals.</text>
</page>

<page type="picture">
<text>Oreberries in their natural environment</text>
<location>tinker:manuals/oreberries.png</location>
</page>

<page type="text">
<text>Slime Channels

Slime channels are useful for moving items or entities around. They are used as a sort of easily placeable water and can be paired with bounce pads for best effect.</text>
</page>

<page type="crafting">
<text>Slime Channel</text>
<recipe>
 <name>slimechannel</name>
 <size>two</size>
</recipe>
</page>

<page type="crafting">
<text>Bounce Pad</text>
<recipe>
 <name>bouncepad</name>
 <size>two</size>
</recipe>
</page>

<page type="text">
<text>A few traps or blockades may help with your early survival experience</text>
</page>

<page type="crafting">
<text>Punji Stick</text>
<recipe>
 <name>punji</name>
 <size>three</size>
</recipe>
</page>

<page type="crafting">
<text>Barricade</text>
<recipe>
 <name>barricade</name>
 <size>two</size>
</recipe>
</page>

<page type="text">
<text>Once you're well established, you can begin to process metals in a more efficient manner. The scope of the smeltery is beyond this volume, but a few recipes will help you get started.

Note: The Smeltery is required to process all metals, including iron.</text>
</page>

<page type="crafting">
<text>Grout</text>
<recipe>
 <name>grout</name>
 <size>two</size>
</recipe>
</page>

<page type="furnace">
<text>Seared Brick</text>
<recipe>searedbrick</recipe>
</page>

<page type="crafting">
<text>Seared Bricks</text>
<recipe>
 <name>searedbricks</name>
 <size>two</size>
</recipe>
</page>

<page type="crafting">
<text>Smeltery Controller</text>
<recipe>
 <name>smelterycontroller</name>
 <size>three</size>
</recipe>
</page>

<page type="text">
<text>If you ever find yourself without this book, a new one is simple to make. Other books can be made from this one as well.</text>
</page>

<page type="crafting">
<text>Book</text>
<recipe>
 <name>alternatebook</name>
 <size>three</size>
</recipe>
</page>

<page type="crafting">
<text>Materials and You: v1</text>
<recipe>
 <name>patternbook1</name>
 <size>two</size>
</recipe>
</page>

<page type="crafting">
<text>Materials and You: v2</text>
<recipe>
 <name>patternbook2</name>
 <size>two</size>
</recipe>
</page>

<page type="crafting">
<text>Mighty Smelting</text>
<recipe>
 <name>patternbook3</name>
 <size>two</size>
</recipe>
</page>

<page type="text">
<text>Armor Modifiers

The following armor modifiers seem to be missing names or in flux. No word is available on the accuracy or new home of these pages.</text>
</page>

<page type="sectionpage">
<title>Night Vision</title>
<text>Apparently carrots and juice are not only good for your eyes, but for your goggles as well.
The Night Vision Potion also helps.

Effects:
- Night Vision

Type: Single-use
Stackable: No</text>
</page>

<page type="modifier">
<tooltype>travelgoggles</tooltype>
<recipe>nightvision</recipe>
</page>

<page type="sectionpage">
<title>Perfect Dodge</title>
<text>Ninja ninja.

Effects:
- You're harder to hit

Type: Single-use
Stackable: yes</text>
</page>

<page type="modifier">
<tooltype>travelvest</tooltype>
<recipe>dodge</recipe>
</page>

<page type="sectionpage">
<title>Stealth</title>
<text>Travelling gear is not very protective. Therefore I mixed some magical items and an Invisibility Potion together, to make myself stealthier!

Effects:
- Turn invisible while sneaking

Type: Single-use
Stackable: No</text>
</page>

<page type="modifier">
<tooltype>travelvest</tooltype>
<recipe>stealth</recipe>
</page>

<page type="sectionpage">
<title>Feather Fall</title>
<text>You already got wings. If chicken can do it, so can you.
Any slime variant can be used.

Effects:
- Allows you to glide down slowly in air

Type: Single-use
Stackable: yes</text>
</page>

<page type="crafting">
<text>Tinker Table</text>
<recipe>
 <name>featherfall</name>
 <size>three</size>
</recipe>
</page>

<page type="sectionpage">
<title>Water Walk</title>
<text>If I put these things on my boots, I'm sure I can walk over water too. What could go wrong?

Effects:
- Allows you to walk over water
- Sneak to sink
- Does not come with a halo

Type: Single-use
Stackable: no</text>
</page>

<page type="modifier">
<tooltype>travelboots</tooltype>
<recipe>waterwalk</recipe>
</page>

<page type="sectionpage">
<title>Lead boots</title>
<text>This iron block has served me well. I want to take it with me, to the bottom of the ocean.
Perfect if you want to see where your pet-fish sleeps.

Effects:
- Allows you to walk under water
- Prevents you from swimming
- Blub.

Type: Single-use
Stackable: no</text>
</page>

<page type="modifier">
<tooltype>travelboots</tooltype>
<recipe>leadboots</recipe>
</page>

<page type="sectionpage">
<title>Slimy Soles</title>
<text>When I jump on slime, I bounce and don't take damage. I should be able to replicate that effect by putting the slime onto my soles.

Effects:
- Dampens the fall impact
- Reduces fall damage taken

Type: Single-use
Stackable: yes</text>
</page>

<page type="modifier">
<tooltype>travelboots</tooltype>
<recipe>slimysoles</recipe>
</page>

<page type="sectionpage">
<title>Speed</title>
<text>Putting redstone on my weapon makes it faster. So why don't I put it on my hands directly!

Effects:
- Increases mining speed

Type: Multi-use
Stackable: yes</text>
</page>

<page type="modifier">
<tooltype>travelglove</tooltype>
<recipe>glovehaste</recipe>
</page>

<page type="sectionpage">
<title>Auto-Repair</title>
<text>Attaching moss to an armor infuses it with life. The tool appears to be capable of regenerating wear and tear.

Effects:
- The tool slowly repairs itself
- Sunlight speeds up the process
- Can be applied to all travellers gear

Type: Single-use
Stackable: yes</text>
</page>

<page type="modifier">
<tooltype>travelmulti</tooltype>
<recipe>moss</recipe>
</page>

<page type="sectionpage">
<title>Double Jump</title>
<text>Infused with the power of a ghast tear and some slime and piston mechanics, I should be able to repel myself even further into the air.

Effects:
- Jump during jumping to jump
- Can be applied to wings as well

Type: Single-use
Stackable: yes</text>
</page>

<page type="modifier">
<tooltype>travelmulti</tooltype>
<recipe>doublejump</recipe>
</page>

</book>